emotion,race,avg_intensity
anger,African-American,3.7714285714285714
anger,European,4.022857142857143
fear,African-American,3.1285714285714286
fear,European,3.182857142857143
joy,African-American,3.2742857142857145
joy,European,3.2885714285714287
sadness,African-American,3.2914285714285714
sadness,European,3.474285714285714
