emotion,gender,avg_intensity
anger,female,1.8085714285714285
anger,male,1.879047619047619
fear,female,1.4352380952380952
fear,male,1.522857142857143
joy,female,1.7885714285714285
joy,male,1.8723809523809525
sadness,female,1.4980952380952381
sadness,male,1.5676190476190477
